Time (s) Run #1,Position (m) Run #1,Velocity (m/s) Run #1,Acceleration (m/s²) Run #1,Time (s) Run #2,Position (m) Run #2,Velocity (m/s) Run #2,Acceleration (m/s²) Run #2,Time (s) Run #3,Position (m) Run #3,Velocity (m/s) Run #3,Acceleration (m/s²) Run #3,Time (s) Run #4,Position (m) Run #4,Velocity (m/s) Run #4,Acceleration (m/s²) Run #4,Time (s) Run #6,Position (m) Run #6,Velocity (m/s) Run #6,Acceleration (m/s²) Run #6,Time (s) Run #7,Position (m) Run #7,Velocity (m/s) Run #7,Acceleration (m/s²) Run #7,Time (s) Run #8,Position (m) Run #8,Velocity (m/s) Run #8,Acceleration (m/s²) Run #8,Time (s) Run #9,Position (m) Run #9,Velocity (m/s) Run #9,Acceleration (m/s²) Run #9,Time (s) Run #10,Position (m) Run #10,Velocity (m/s) Run #10,Acceleration (m/s²) Run #10,Time (s) Run #11,Position (m) Run #11,Velocity (m/s) Run #11,Acceleration (m/s²) Run #11,,,,,,,,,,,,,,,,,,,,,,,,,,,,,,,,,,,,,,,
0,1.33,,,0,1.38,,,0,1.46,,,0,1.48,,,0,1.4,,,0,1.48,,,0,1.51,,,0,1.5,,,0,1.55,,,0,1.46,,,,,,,,,,,,,,,,,,,,,,,,,,,,,,,,,,,,,,,,,
0.02,1.33,0.02,,0.02,1.38,0.01,,0.02,1.46,0.14,,0.02,1.48,-0.02,,0.02,1.4,0.01,,0.02,1.48,0.08,,0.02,1.51,0.01,,0.02,1.5,-0.07,,0.02,1.56,0.31,,0.02,1.46,0,,,,,,,,,,,,,,,,,,,,,,,,,,,,,,,,,,,,,,,,
0.04,1.33,2.25E-4,-0.71,0.04,1.38,-0.06,-2.26,0.04,1.46,0.12,3.74,0.04,1.48,0.06,3.68,0.04,1.4,0.01,-0.19,0.04,1.48,0.07,-1.56,0.04,1.51,0.01,-0.92,0.04,1.5,0.02,2.96,0.04,1.57,0.27,-3.93,0.04,1.46,0.05,1.65,,,,,,,,,,,,,,,,,,,,,,,,,,,,,,,,,,,,,,,
0.06,1.33,-0.01,-0.72,0.06,1.37,-0.08,0.35,0.06,1.46,0.29,3.29,0.06,1.48,0.13,2.27,0.06,1.4,0,0.96,0.06,1.48,0.02,-2.06,0.06,1.51,-0.02,-1.07,0.06,1.5,0.05,0.75,0.06,1.56,0.15,-6.42,0.06,1.46,0.06,-0.2,,,,,,,,,,,,,,,,,,,,,,,,,,,,,,,,,,,,,,,
0.08,1.33,-0.02,-0.64,0.08,1.37,-0.03,1.8,0.08,1.47,0.41,-1.98,0.08,1.48,0.18,-0.4,0.08,1.4,0.02,3.29,0.08,1.48,-0.05,-1.43,0.08,1.51,-0.05,-0.58,0.08,1.5,0.03,-0.41,0.08,1.59,-0.04,-5.79,0.08,1.47,0.01,-0.67,,,,,,,,,,,,,,,,,,,,,,,,,,,,,,,,,,,,,,,
0.1,1.33,-0.04,-0.32,0.1,1.37,0.03,1.3,0.1,1.49,0.24,-8.24,0.1,1.49,0.13,-3.38,0.1,1.4,0.12,5.28,0.1,1.48,-0.05,0.14,0.1,1.51,-0.05,0.54,0.1,1.5,0.01,-0.37,0.1,1.56,-0.15,-0.72,0.1,1.46,0.01,-0.39,,,,,,,,,,,,,,,,,,,,,,,,,,,,,,,,,,,,,,,
0.12,1.32,-0.04,0.32,0.12,1.38,0.05,-0.53,0.12,1.49,-0.07,-7.71,0.12,1.49,0,-4.67,0.12,1.4,0.29,4.21,0.12,1.48,-0.03,1.55,0.12,1.51,-0.03,1.91,0.12,1.5,0.01,0.36,0.12,1.56,-0.12,4.73,0.12,1.46,0.02,-0.69,,,,,,,,,,,,,,,,,,,,,,,,,,,,,,,,,,,,,,,
0.14,1.32,-0.03,0.68,0.14,1.38,0,-1.75,0.14,1.47,-0.21,-1.38,0.14,1.49,-0.11,-3.21,0.14,1.41,0.36,-0.31,0.14,1.48,0.02,1.88,0.14,1.51,0.02,2.57,0.14,1.5,0.02,1.75,0.14,1.57,0.15,5.47,0.14,1.47,0.01,-1.53,,,,,,,,,,,,,,,,,,,,,,,,,,,,,,,,,,,,,,,
0.16,1.32,-5.52E-04,0.73,0.16,1.38,-0.06,-1.31,0.16,1.47,-0.05,3.27,0.16,1.48,-0.14,-0.4,0.16,1.42,0.27,-4.95,0.16,1.48,0.06,1.25,0.16,1.51,0.1,1.27,0.16,1.5,0.06,3.1,0.16,1.56,0.23,0.64,0.16,1.46,-0.07,0.03,,,,,,,,,,,,,,,,,,,,,,,,,,,,,,,,,,,,,,,
0.18,1.32,0,0.77,0.18,1.37,-0.07,0,0.18,1.48,0.06,2.67,0.18,1.48,-0.1,1.75,0.18,1.42,0.09,-6.04,0.18,1.48,0.08,-0.16,0.18,1.51,0.12,-1,0.18,1.51,0.17,2.4,0.18,1.58,0.15,-5.35,0.18,1.46,-0.08,2.78,,,,,,,,,,,,,,,,,,,,,,,,,,,,,,,,,,,,,,,
0.2,1.32,0.02,0.98,0.2,1.37,-0.04,0.63,0.2,1.48,0.05,-0.18,0.2,1.48,-0.05,2.49,0.2,1.42,-0.04,-3.39,0.2,1.48,0.06,-1.32,0.2,1.52,0.02,-2.23,0.2,1.51,0.23,-1.11,0.2,1.58,-0.06,-6.2,0.2,1.46,0.11,3.09,,,,,,,,,,,,,,,,,,,,,,,,,,,,,,,,,,,,,,,
0.22,1.32,0.05,1.29,0.22,1.37,-0.02,0.23,0.22,1.48,0.01,-1.08,0.22,1.48,0.01,2.17,0.22,1.42,-0.05,0.12,0.22,1.48,0,-1.41,0.22,1.51,-0.02,-1.87,0.22,1.52,0.14,-4.96,0.22,1.57,-0.21,-2.16,0.22,1.46,0.16,0.06,,,,,,,,,,,,,,,,,,,,,,,,,,,,,,,,,,,,,,,
0.24,1.33,0.07,1.21,0.24,1.37,-0.03,-0.49,0.24,1.48,-0.02,-0.17,0.24,1.48,0.05,1.42,0.24,1.42,0.01,1.55,0.24,1.48,-0.02,-0.38,0.24,1.51,-0.03,-2.5,0.24,1.52,-0.04,-4.97,0.24,1.57,-0.15,2.22,0.24,1.48,0.06,-2.83,,,,,,,,,,,,,,,,,,,,,,,,,,,,,,,,,,,,,,,
0.26,1.33,0.1,0.98,0.26,1.37,-0.05,-0.1,0.26,1.48,-1.20E-04,0.65,0.26,1.48,0.06,0.34,0.26,1.42,0.06,0.3,0.26,1.48,-0.01,0.78,0.26,1.52,-0.05,-5.76,0.26,1.51,-0.15,-0.12,0.26,1.57,-0.01,3.17,0.26,1.46,-0.02,-2.56,,,,,,,,,,,,,,,,,,,,,,,,,,,,,,,,,,,,,,,
0.28,1.33,0.11,0.5,0.28,1.37,-0.07,1.32,0.28,1.48,0.03,0.57,0.28,1.48,0.07,0.59,0.28,1.42,0.04,-0.65,0.28,1.48,0.03,0.58,0.28,1.51,-0.24,-8.83,0.28,1.51,-0.07,5.86,0.28,1.57,0.01,1.5,0.28,1.46,-0.05,-2.81,,,,,,,,,,,,,,,,,,,,,,,,,,,,,,,,,,,,,,,
0.3,1.33,0.12,-0.27,0.3,1.37,0.01,1.8,0.3,1.48,0.03,-0.08,0.3,1.48,0.03,2.91,0.3,1.42,-0.04,0.87,0.3,1.48,0.05,-0.55,0.3,1.5,-0.49,-9.49,0.3,1.51,0.16,6.33,0.3,1.57,0.01,0.24,0.3,1.47,-0.04,-5.65,,,,,,,,,,,,,,,,,,,,,,,,,,,,,,,,,,,,,,,
0.32,1.33,0.11,-2.17,0.32,1.37,0.07,0.22,0.32,1.48,0.02,-0.46,0.32,1.48,0.15,5.03,0.32,1.42,0.04,3.26,0.32,1.48,-0.01,-1.63,0.32,1.49,-0.65,-7.61,0.32,1.51,0.36,-1.38,0.32,1.57,0.01,-0.2,0.32,1.46,-0.26,-8.4,,,,,,,,,,,,,,,,,,,,,,,,,,,,,,,,,,,,,,,
0.34,1.34,0.07,-4.72,0.34,1.37,0.03,-1.94,0.34,1.48,0.01,-0.3,0.34,1.48,0.33,3.21,0.34,1.42,0.17,2.9,0.34,1.48,-0.04,-2.08,0.34,1.47,-0.79,-5.43,0.34,1.53,0.18,-10.75,0.34,1.57,0.01,-1.08,0.34,1.46,-0.49,-8.17,,,,,,,,,,,,,,,,,,,,,,,,,,,,,,,,,,,,,,,
0.36,1.34,-0.1,-5.23,0.36,1.37,-0.06,-1.98,0.36,1.48,0.01,0.1,0.36,1.5,0.37,-2.61,0.36,1.43,0.22,-1.85,0.36,1.48,-0.08,-1.77,0.36,1.46,-0.86,-4.1,0.36,1.53,-0.26,-12.01,0.36,1.57,-0.02,-2,0.36,1.44,-0.61,-5.05,,,,,,,,,,,,,,,,,,,,,,,,,,,,,,,,,,,,,,,
0.38,1.34,-0.24,-2.35,0.38,1.37,-0.09,-0.71,0.38,1.48,0.01,0.4,0.38,1.5,0.19,-6.32,0.38,1.43,0.12,-6.47,0.38,1.48,-0.13,-0.91,0.38,1.44,-0.93,-3.33,0.38,1.51,-0.52,-3.17,0.38,1.57,-0.09,-1.77,0.38,1.43,-0.67,-2.22,,,,,,,,,,,,,,,,,,,,,,,,,,,,,,,,,,,,,,,
0.4,1.32,-0.21,2.02,0.4,1.37,-0.05,1.85,0.4,1.48,0.03,0.9,0.4,1.5,-0.03,-5.39,0.4,1.43,-0.14,-6.88,0.4,1.48,-0.13,0.79,0.4,1.42,-1,-3.22,0.4,1.5,-0.39,6.42,0.4,1.56,-0.13,-0.26,0.4,1.42,-0.68,-1.26,,,,,,,,,,,,,,,,,,,,,,,,,,,,,,,,,,,,,,,
0.42,1.33,-0.1,5.13,0.42,1.37,-0.07,5.42,0.42,1.48,0.03,1.43,0.42,1.5,-0.03,-3.14,0.42,1.43,-0.25,-3.88,0.42,1.47,-0.1,2.34,0.42,1.4,-1.05,-3.39,0.42,1.5,-0.07,8.51,0.42,1.56,-0.1,2.14,0.42,1.4,-0.69,-2.22,,,,,,,,,,,,,,,,,,,,,,,,,,,,,,,,,,,,,,,
0.44,1.32,0,5.99,0.44,1.36,0.14,6.09,0.44,1.48,0.09,0.9,0.44,1.5,-0.05,-3.33,0.44,1.41,-0.24,-1.7,0.44,1.47,-0.01,2.4,0.44,1.38,-1.13,-3.57,0.44,1.5,0.07,4.01,0.44,1.56,-0.05,3.66,0.44,1.39,-0.75,-4,,,,,,,,,,,,,,,,,,,,,,,,,,,,,,,,,,,,,,,
0.46,1.32,0.16,3.85,0.46,1.36,0.37,0.39,0.46,1.48,0.12,-0.93,0.46,1.5,-0.16,-4.5,0.46,1.42,-0.25,-2,0.46,1.47,0.04,1.48,0.46,1.36,-1.21,-3.31,0.46,1.51,0.05,-0.73,0.46,1.56,0.09,2.77,0.46,1.38,-0.87,-4.51,,,,,,,,,,,,,,,,,,,,,,,,,,,,,,,,,,,,,,,
0.48,1.32,0.25,-0.76,0.48,1.39,0.24,-8.22,0.48,1.49,0.05,-2.75,0.48,1.5,-0.3,-2.68,0.48,1.41,-0.34,-0.82,0.48,1.48,0.02,0.62,0.48,1.33,-1.27,-2.58,0.48,1.5,-0.03,-1.81,0.48,1.56,0.13,-0.16,0.48,1.35,-0.97,-2.68,,,,,,,,,,,,,,,,,,,,,,,,,,,,,,,,,,,,,,,
0.5,1.34,0.12,-4.67,0.5,1.39,-0.13,-8.81,0.5,1.49,-0.04,-2.4,0.5,1.49,-0.32,1.43,0.5,1.4,-0.38,2.74,0.5,1.47,0.04,0.01,0.5,1.3,-1.31,-1.94,0.5,1.5,-0.06,-0.53,0.5,1.57,0.06,-2.5,0.5,1.33,-1,0.19,,,,,,,,,,,,,,,,,,,,,,,,,,,,,,,,,,,,,,,
0.52,1.33,-0.05,-3.88,0.52,1.37,-0.35,0.3,0.52,1.48,-0.08,-0.5,0.52,1.48,-0.21,4.46,0.52,1.39,-0.21,5.22,0.52,1.47,0.05,-0.91,0.52,1.28,-1.34,-1.27,0.52,1.5,-0.04,2.28,0.52,1.56,-0.04,-1.37,0.52,1.32,-0.94,2.38,,,,,,,,,,,,,,,,,,,,,,,,,,,,,,,,,,,,,,,
0.54,1.33,-0.1,-0.48,0.54,1.37,-0.09,8.13,0.54,1.48,-0.04,0.77,0.54,1.48,-0.08,4.77,0.54,1.39,-0.06,4.25,0.54,1.48,0,-1.58,0.54,1.25,-1.37,-1.1,0.54,1.5,-0.01,5.38,0.54,1.56,-0.04,1.13,0.54,1.3,-0.88,3.51,,,,,,,,,,,,,,,,,,,,,,,,,,,,,,,,,,,,,,,
0.56,1.33,0.01,1.24,0.56,1.37,0.24,5.01,0.56,1.48,-0.01,0.69,0.56,1.48,-0.01,3.78,0.56,1.39,-0.04,1.62,0.56,1.48,-0.05,-0.63,0.56,1.22,-1.36,-2.21,0.56,1.5,0.19,6.42,0.56,1.56,0.07,2.08,0.56,1.28,-0.81,4.19,,,,,,,,,,,,,,,,,,,,,,,,,,,,,,,,,,,,,,,
0.58,1.33,0.01,0.8,0.58,1.38,0.25,-6.26,0.58,1.48,-0.02,0.45,0.58,1.48,0.04,2.62,0.58,1.39,-0.04,0.38,0.58,1.47,-0.04,0.48,0.58,1.2,-1.42,-4.18,0.58,1.5,0.36,3.06,0.58,1.57,0.09,0.88,0.58,1.26,-0.71,4.17,,,,,,,,,,,,,,,,,,,,,,,,,,,,,,,,,,,,,,,
0.6,1.33,-0.01,-0.45,0.6,1.39,-0.1,-13.79,0.6,1.48,-0.02,1.05,0.6,1.48,0.12,1.02,0.6,1.39,-0.03,0.35,0.6,1.48,0.02,-0.8,0.6,1.17,-1.55,-5.1,0.6,1.52,0.37,-2.92,0.6,1.57,0.08,-0.57,0.6,1.25,-0.61,0.8,,,,,,,,,,,,,,,,,,,,,,,,,,,,,,,,,,,,,,,
0.62,1.33,0.01,-1.64,0.62,1.38,-0.51,-12.01,0.62,1.48,0.02,1.35,0.62,1.48,0.11,-0.73,0.62,1.39,-0.02,0.39,0.62,1.48,-0.01,-4.77,0.62,1.13,-1.68,-3.56,0.62,1.52,0.18,-6.06,0.62,1.57,0.05,-0.86,0.62,1.24,-0.58,-6.24,,,,,,,,,,,,,,,,,,,,,,,,,,,,,,,,,,,,,,,
0.64,1.33,-0.05,-2.39,0.64,1.35,-0.65,-6.29,0.64,1.48,0.07,0.3,0.64,1.49,0.05,-2,0.64,1.39,-0.01,0.2,0.64,1.48,-0.18,-8.97,0.64,1.1,-1.71,-1.52,0.64,1.52,0.01,-4.83,0.64,1.57,0.04,0.07,0.64,1.23,-0.84,-12.39,,,,,,,,,,,,,,,,,,,,,,,,,,,,,,,,,,,,,,,
0.66,1.33,-0.15,-2.08,0.66,1.35,-0.63,-4.21,0.66,1.49,0.05,-1.45,0.66,1.48,0.02,-2.07,0.66,1.39,-0.01,0.04,0.66,1.47,-0.41,-10.33,0.66,1.07,-1.69,-0.77,0.66,1.52,-0.02,-3.43,0.66,1.57,0.03,1.63,0.66,1.21,-1.22,-11.84,,,,,,,,,,,,,,,,,,,,,,,,,,,,,,,,,,,,,,,
0.68,1.33,-0.13,0.9,0.68,1.34,-0.73,-6.23,0.68,1.49,-0.01,-1.81,0.68,1.49,-0.03,-1.81,0.68,1.39,-0.02,-0.5,0.68,1.46,-0.65,-8.57,0.68,1.03,-1.72,-1.39,0.68,1.52,-0.02,-5.01,0.68,1.57,0.11,1.11,0.68,1.18,-1.45,-4.89,,,,,,,,,,,,,,,,,,,,,,,,,,,,,,,,,,,,,,,
0.7,1.32,-0.15,2.9,0.7,1.32,-0.94,-7.91,0.7,1.48,-0.07,-0.14,0.7,1.49,-0.05,-1.37,0.7,1.39,-0.01,-0.87,0.7,1.44,-0.78,-5.83,0.7,1,-1.76,-2.18,0.7,1.52,-0.2,-5.89,0.7,1.57,0.17,-2.96,0.7,1.15,-1.4,1.68,,,,,,,,,,,,,,,,,,,,,,,,,,,,,,,,,,,,,,,
0.72,1.33,0.06,2.89,0.72,1.3,-1.09,-7.31,0.72,1.48,-0.02,1.53,0.72,1.48,-0.09,0.5,0.72,1.39,-0.07,0.78,0.72,1.43,-0.84,-4.41,0.72,0.96,-1.81,-2.23,0.72,1.52,-0.4,-2.52,0.72,1.58,0.02,-7.26,0.72,1.12,-1.26,3.57,,,,,,,,,,,,,,,,,,,,,,,,,,,,,,,,,,,,,,,
0.74,1.31,0,1.45,0.74,1.27,-1.21,-5.8,0.74,1.48,0.05,1.22,0.74,1.48,-0.09,2.44,0.74,1.39,-0.06,4.24,0.74,1.41,-0.92,-4.65,0.74,0.93,-1.86,-1.59,0.74,1.5,-0.34,1.99,0.74,1.58,-0.24,-6.21,0.74,1.1,-1.21,2.2,,,,,,,,,,,,,,,,,,,,,,,,,,,,,,,,,,,,,,,
0.76,1.34,0.06,-1.98,0.76,1.25,-1.33,-5.02,0.76,1.49,0.05,-0.65,0.76,1.48,0.06,2.34,0.76,1.38,0.12,4.89,0.76,1.39,-1.03,-5.03,0.76,0.89,-1.88,-0.56,0.76,1.5,-0.18,0.44,0.76,1.56,-0.35,-0.43,0.76,1.07,-1.2,0.97,,,,,,,,,,,,,,,,,,,,,,,,,,,,,,,,,,,,,,,
0.78,1.31,0.03,-5.18,0.78,1.22,-1.4,-5.3,0.78,1.49,3.57E-4,-1.68,0.78,1.48,0.09,-1.32,0.78,1.39,0.3,-2.06,0.78,1.37,-1.14,-4.5,0.78,0.85,-1.87,-0.26,0.78,1.51,-0.18,-5.95,0.78,1.56,-0.2,4.26,0.78,1.05,-1.19,0.35,,,,,,,,,,,,,,,,,,,,,,,,,,,,,,,,,,,,,,,
0.8,1.34,-0.2,-9.11,0.8,1.19,-1.51,-6.4,0.8,1.48,-0.05,-0.93,0.8,1.49,0.01,-6.87,0.8,1.4,0.15,-12.59,0.8,1.34,-1.22,-3.49,0.8,0.81,-1.87,-0.89,0.8,1.49,-0.5,-9.49,0.8,1.56,-0.07,6.28,0.8,1.03,-1.17,-0.6,,,,,,,,,,,,,,,,,,,,,,,,,,,,,,,,,,,,,,,
0.82,1.32,-0.36,-9.77,0.82,1.16,-1.67,-6.95,0.82,1.48,-0.05,0.39,0.82,1.48,-0.2,-10.4,0.82,1.4,-0.34,-17.62,0.82,1.32,-1.27,-2.88,0.82,0.77,-1.91,-1.43,0.82,1.48,-0.73,-7.6,0.82,1.56,-0.01,6.29,0.82,1,-1.2,-1.62,,,,,,,,,,,,,,,,,,,,,,,,,,,,,,,,,,,,,,,
0.84,1.31,-0.65,-8.77,0.84,1.13,-1.83,-5.67,0.84,1.48,-0.01,0.97,0.84,1.48,-0.47,-11.51,0.84,1.39,-0.75,-13.83,0.84,1.29,-1.32,-3.08,0.84,0.74,-1.95,-1.15,0.84,1.46,-0.77,-3.6,0.84,1.56,0.21,2.86,0.84,0.98,-1.26,-1.84,,,,,,,,,,,,,,,,,,,,,,,,,,,,,,,,,,,,,,,
0.86,1.3,-0.7,-8.72,0.86,1.09,-1.91,-3.88,0.86,1.48,0.01,0.67,0.86,1.47,-0.67,-10.41,0.86,1.37,-0.91,-6.98,0.86,1.27,-1.39,-3.71,0.86,0.69,-1.96,-0.47,0.86,1.45,-0.82,-1.67,0.86,1.56,0.27,-5.66,0.86,0.95,-1.29,-1.07,,,,,,,,,,,,,,,,,,,,,,,,,,,,,,,,,,,,,,,
0.88,1.28,-0.92,-9.16,0.88,1.05,-1.94,-3.33,0.88,1.48,0.01,0.19,0.88,1.45,-0.9,-8.38,0.88,1.35,-0.93,-3.65,0.88,1.24,-1.48,-3.92,0.88,0.66,-1.96,-0.31,0.88,1.43,-0.84,-2.07,0.88,1.58,-0.01,-14.11,0.88,0.93,-1.3,-0.32,,,,,,,,,,,,,,,,,,,,,,,,,,,,,,,,,,,,,,,
0.9,1.26,-1.14,-8.95,0.9,1.01,-2.02,-3.81,0.9,1.48,0.01,-0.08,0.9,1.43,-1.03,-6.37,0.9,1.33,-0.99,-3.99,0.9,1.21,-1.56,-3.7,0.9,0.62,-1.96,-0.55,0.9,1.41,-0.86,-3.4,0.9,1.56,-0.47,-14.07,0.9,0.9,-1.29,-0.19,,,,,,,,,,,,,,,,,,,,,,,,,,,,,,,,,,,,,,,
0.92,1.24,-1.31,-6.61,0.92,0.97,-2.12,-3.75,0.92,1.48,0.01,-0.18,0.92,1.41,-1.12,-4.93,0.92,1.31,-1.11,-4.8,0.92,1.18,-1.62,-3.47,0.92,0.58,-1.99,-0.78,0.92,1.4,-0.98,-4.65,0.92,1.55,-0.74,-6.79,0.92,0.88,-1.3,-0.52,,,,,,,,,,,,,,,,,,,,,,,,,,,,,,,,,,,,,,,
0.94,1.21,-1.38,-5.06,0.94,0.92,-2.19,-2.89,0.94,1.48,0,-0.14,0.94,1.39,-1.21,-4.83,0.94,1.29,-1.21,-4.35,0.94,1.14,-1.69,-3.33,0.94,0.54,-2,-0.78,0.94,1.38,-1.09,-4.05,0.94,1.54,-0.69,-0.4,0.94,0.85,-1.32,-0.75,,,,,,,,,,,,,,,,,,,,,,,,,,,,,,,,,,,,,,,
0.96,1.18,-1.47,-5.15,0.96,0.88,-2.22,-2.1,0.96,1.48,-3.09E-04,-0.04,0.96,1.36,-1.31,-5.18,0.96,1.26,-1.29,-3.62,0.96,1.11,-1.77,-2.82,0.96,0.5,-2.02,-0.62,0.96,1.35,-1.17,-1.8,0.96,1.52,-0.6,-0.73,0.96,0.82,-1.33,-0.62,,,,,,,,,,,,,,,,,,,,,,,,,,,,,,,,,,,,,,,
0.98,1.15,-1.59,-5.85,0.98,0.84,-2.27,-2.45,0.98,1.48,0,0.03,0.98,1.34,-1.42,-5.27,0.98,1.24,-1.33,-3.88,0.98,1.07,-1.81,-1.61,0.98,0.46,-2.03,-0.47,0.98,1.33,-1.16,-0.44,0.98,1.51,-0.65,-5.47,0.98,0.8,-1.35,-0.33,,,,,,,,,,,,,,,,,,,,,,,,,,,,,,,,,,,,,,,
1,1.12,-1.72,-5.8,1,0.79,-2.3,-4.09,1,1.48,0,0.05,1,1.3,-1.53,-4.8,1,1.21,-1.42,-4.78,1,1.03,-1.83,0.12,1,0.42,-2.03,-0.44,1,1.3,-1.13,-0.95,1,1.51,-0.86,-8.04,1,0.77,-1.35,-0.03,,,,,,,,,,,,,,,,,,,,,,,,,,,,,,,,,,,,,,,
1.02,1.08,-1.83,-5.2,1.02,0.74,-2.41,-5.9,1.02,1.48,0,0.09,1.02,1.27,-1.62,-4.36,1.02,1.18,-1.54,-5.36,1.02,1,-1.82,1.07,1.02,0.38,-2.04,-0.58,1.02,1.28,-1.19,-2.62,1.02,1.48,-1.08,-5.77,1.02,0.74,-1.34,0.17,,,,,,,,,,,,,,,,,,,,,,,,,,,,,,,,,,,,,,,
1.04,1.04,-1.92,-4.86,1.04,0.7,-2.57,-6.41,1.04,1.48,0,0.19,1.04,1.24,-1.69,-4.44,1.04,1.14,-1.65,-5.11,1.04,0.96,-1.75,-0.24,1.04,0.34,-2.06,-0.67,1.04,1.26,-1.26,-3.07,1.04,1.45,-1.13,-1.65,1.04,0.72,-1.34,0.26,,,,,,,,,,,,,,,,,,,,,,,,,,,,,,,,,,,,,,,
1.06,1,-2.01,-4.89,1.06,0.64,-2.7,-4.58,1.06,1.48,0.01,0.19,1.06,1.21,-1.79,-4.83,1.06,1.11,-1.75,-4.66,1.06,0.93,-1.77,-3.38,1.06,0.29,-2.07,-0.74,1.06,1.23,-1.34,-1.77,1.06,1.43,-1.07,1.27,1.06,0.69,-1.33,0.24,,,,,,,,,,,,,,,,,,,,,,,,,,,,,,,,,,,,,,,
1.08,0.96,-2.12,-4.8,1.08,0.58,-2.77,-2.14,1.08,1.48,0.02,-0.02,1.08,1.17,-1.89,-4.76,1.08,1.08,-1.83,-4.25,1.08,0.9,-1.91,-5.17,1.08,0.25,-2.08,1.81,1.08,1.2,-1.34,-0.75,1.08,1.41,-1.07,1.61,1.08,0.66,-1.33,0.13,,,,,,,,,,,,,,,,,,,,,,,,,,,,,,,,,,,,,,,
1.1,0.92,-2.21,-4.38,1.1,0.53,-2.76,-0.67,1.1,1.48,0.01,-0.31,1.1,1.13,-1.99,-3.98,1.1,1.04,-1.92,-3.61,1.1,0.85,-2.06,-3.44,1.1,0.21,-2.11,8.44,1.1,1.18,-1.32,-1.57,1.1,1.39,-0.99,-0.52,1.1,0.64,-1.33,-0.06,,,,,,,,,,,,,,,,,,,,,,,,,,,,,,,,,,,,,,,
1.12,0.87,-2.29,-4,1.12,0.47,-2.78,-0.31,1.12,1.48,4.22E-4,-0.42,1.12,1.09,-2.06,-2.94,1.12,1,-1.98,-2.83,1.12,0.81,-2.08,-0.75,1.12,0.17,-1.8,212.78,1.12,1.15,-1.38,-3.64,1.12,1.37,-1.02,-4.18,1.12,0.61,-1.33,-0.24,,,,,,,,,,,,,,,,,,,,,,,,,,,,,,,,,,,,,,,
1.14,0.83,-2.37,-4.12,1.14,0.42,-2.78,-0.59,1.14,1.48,-0.01,-0.24,1.14,1.05,-2.1,-2.35,1.14,0.96,-2.03,-2.1,1.14,0.77,-2.02,-0.03,1.14,0.13,-1.33,541.22,1.14,1.12,-1.5,-4.07,1.14,1.36,-1.19,-6.32,1.14,0.58,-1.34,-0.38,,,,,,,,,,,,,,,,,,,,,,,,,,,,,,,,,,,,,,,
1.16,0.78,-2.45,-4.5,1.16,0.36,-2.79,-0.95,1.16,1.48,-0.01,-0.02,1.16,1,-2.14,-2.36,1.16,0.92,-2.07,-1.49,1.16,0.73,-2.05,-1.05,1.16,0.12,22.68,584.6,1.16,1.09,-1.6,-2.05,1.16,1.32,-1.38,-3.81,1.16,0.56,-1.35,-0.46,,,,,,,,,,,,,,,,,,,,,,,,,,,,,,,,,,,,,,,
1.18,0.73,-2.55,-4.54,1.18,0.31,-2.82,-0.49,1.18,1.48,-0.01,0.03,1.18,0.96,-2.19,-2.58,1.18,0.88,-2.09,-1.43,1.18,0.69,-2.1,-1.57,1.18,0.1,38.36,77.54,1.18,1.06,-1.59,0.3,1.18,1.29,-1.39,-0.32,1.18,0.53,-1.36,-0.5,,,,,,,,,,,,,,,,,,,,,,,,,,,,,,,,,,,,,,,
1.2,0.68,-2.65,-3.89,1.2,0.25,-2.85,180.44,1.2,1.48,-0.01,-0.08,1.2,0.92,-2.25,-2.62,1.2,0.83,-2.1,-2.4,1.2,0.64,-2.12,-1.23,1.2,2.92,28.66,-616.51,1.2,1.03,-1.53,0.68,1.2,1.27,-1.28,0.16,1.2,0.5,-1.37,-0.47,,,,,,,,,,,,,,,,,,,,,,,,,,,,,,,,,,,,,,,
1.22,0.62,-2.71,-2.86,1.22,0.19,-2.77,583.67,1.22,1.48,-0.01,-0.14,1.22,0.87,-2.3,-2.41,1.22,0.79,-2.17,-3.86,1.22,0.6,-2.13,-0.99,1.22,1.93,2,-723.88,1.22,1,-1.53,-0.78,1.22,1.25,-1.33,-1.74,1.22,0.47,-1.38,-0.35,,,,,,,,,,,,,,,,,,,,,,,,,,,,,,,,,,,,,,,
1.24,0.57,-2.75,-2,1.24,0.13,18.82,725.35,1.24,1.48,-0.01,-0.06,1.24,0.82,-2.34,-2.21,1.24,0.75,-2.28,-4.27,1.24,0.56,-2.16,-0.69,1.24,1.73,-14.94,-308.44,1.24,0.97,-1.57,-2.08,1.24,1.22,-1.42,-2.3,1.24,0.45,-1.38,-0.19,,,,,,,,,,,,,,,,,,,,,,,,,,,,,,,,,,,,,,,
1.26,0.51,-2.79,-1.46,1.26,0.09,45.55,164.39,1.26,1.48,-0.01,0.11,1.26,0.78,-2.39,-2.05,1.26,0.7,-2.37,-2.85,1.26,0.52,-2.17,-0.04,1.26,1.53,-4.91,97.22,1.26,0.94,-1.64,-2.13,1.26,1.19,-1.45,-0.89,1.26,0.42,-1.38,-0.06,,,,,,,,,,,,,,,,,,,,,,,,,,,,,,,,,,,,,,,
1.28,0.46,-2.81,-0.5,1.28,2.61,35.87,-752.87,1.28,1.48,-0.01,0.17,1.28,0.73,-2.43,-2,1.28,0.65,-2.4,-1.23,1.28,0.47,-2.16,0.49,1.28,1.53,-1.45,167.13,1.28,0.9,-1.67,-1.21,1.28,1.16,-1.43,-0.15,1.28,0.39,-1.38,-0.01,,,,,,,,,,,,,,,,,,,,,,,,,,,,,,,,,,,,,,,
1.3,0.4,-2.83,0.71,1.3,3.18,-0.09,-1022,1.3,1.48,0,0.46,1.3,0.68,-2.46,-2.14,1.3,0.61,-2.39,-0.67,1.3,0.43,-2.14,0.39,1.3,1.54,0.17,53.15,1.3,0.87,-1.68,-0.15,1.3,1.13,-1.43,-0.71,1.3,0.36,-1.38,0.02,,,,,,,,,,,,,,,,,,,,,,,,,,,,,,,,,,,,,,,
1.32,0.34,-2.77,0.37,1.32,1.35,-25.88,-426.21,1.32,1.48,-0.01,0.45,1.32,0.63,-2.51,-2.37,1.32,0.56,-2.42,-0.99,1.32,0.39,-2.14,4.58E-4,1.32,1.54,0.03,9.98,1.32,0.83,-1.67,0.13,1.32,1.1,-1.46,-1.56,1.32,0.34,-1.38,0.07,,,,,,,,,,,,,,,,,,,,,,,,,,,,,,,,,,,,,,,
1.34,0.29,-2.74,86.28,1.34,1.34,-15.34,216.24,1.34,1.48,0.04,-0.87,1.34,0.58,-2.56,-2.41,1.34,0.51,-2.44,-1.29,1.34,0.34,-2.15,-0.18,1.34,1.54,-0.02,-4.43,1.34,0.8,-1.65,-0.52,1.34,1.07,-1.5,-1.81,1.34,0.31,-1.38,0.13,,,,,,,,,,,,,,,,,,,,,,,,,,,,,,,,,,,,,,,
1.36,0.24,-2.85,264.19,1.36,1.34,-0.03,343.5,1.36,1.48,0.01,-2.38,1.36,0.53,-2.61,-2,1.36,0.46,-2.47,-1.21,1.36,0.3,-2.15,-0.18,1.36,1.54,-0.06,-6.11,1.36,0.77,-1.69,-1.41,1.36,1.04,-1.54,-1.61,1.36,0.28,-1.38,0.19,,,,,,,,,,,,,,,,,,,,,,,,,,,,,,,,,,,,,,,
1.38,0.18,7.61,364.63,1.38,1.34,0,128.12,1.38,1.49,-0.12,-2.46,1.38,0.48,-2.65,-1.38,1.38,0.41,-2.49,-1.1,1.38,0.26,-2.15,2.48,1.38,1.54,-0.26,-6.59,1.38,0.74,-1.73,-1.46,1.38,1.01,-1.57,-1.34,1.38,0.25,-1.37,0.23,,,,,,,,,,,,,,,,,,,,,,,,,,,,,,,,,,,,,,,
1.4,0.11,18.58,207.01,1.4,1.34,-0.01,0.77,1.4,1.48,-0.14,-1.55,1.4,0.42,-2.66,-0.89,1.4,0.36,-2.51,-0.87,1.4,0.21,-2.16,9.76,1.4,1.53,-0.45,-2.2,1.4,0.7,-1.76,-0.3,1.4,0.98,-1.59,-1.11,1.4,0.23,-1.37,0.63,,,,,,,,,,,,,,,,,,,,,,,,,,,,,,,,,,,,,,,
1.42,1.33,19.58,-134.94,1.42,1.34,0.01,3.74,1.42,1.47,-0.12,-3.15,1.42,0.37,-2.68,-0.72,1.42,0.31,-2.53,0.5,1.42,0.17,-1.84,115.91,1.42,1.51,-0.42,4.29,1.42,0.66,-1.75,0.91,1.42,0.95,-1.61,-0.94,1.42,0.2,-1.36,3.39,,,,,,,,,,,,,,,,,,,,,,,,,,,,,,,,,,,,,,,
1.44,1.32,10.02,-317.7,1.44,1.34,0.06,-10.2,1.44,1.48,-0.18,-7.79,1.44,0.32,-2.69,1.1,1.44,0.26,-2.53,4.23,1.44,0.13,-1.29,311.71,1.44,1.51,-0.17,7.04,1.44,0.63,-1.7,1.41,1.44,0.91,-1.63,-0.79,1.44,0.17,-1.31,8.68,,,,,,,,,,,,,,,,,,,,,,,,,,,,,,,,,,,,,,,
1.46,1.32,-0.02,-245.82,1.46,1.35,0.39,-47.02,1.46,1.47,-0.45,-11.19,1.46,0.26,-2.71,6.26,1.46,0.21,-2.41,187.61,1.46,0.12,10.89,399.72,1.46,1.51,-0.03,4.81,1.46,0.59,-1.68,0.95,1.46,0.88,-1.64,-0.65,1.46,0.14,-1.02,96.32,,,,,,,,,,,,,,,,,,,,,,,,,,,,,,,,,,,,,,,
1.48,1.32,0.05,-82.95,1.48,1.35,-1.61,-72.82,1.48,1.46,-0.74,-10.27,1.48,0.21,-2.5,191.01,1.48,0.16,-2.12,549.29,1.48,0.11,22.52,196.53,1.48,1.51,0,1.56,1.48,0.56,-1.66,-0.09,1.48,0.85,-1.66,-0.55,1.48,0.12,-0.67,310.58,,,,,,,,,,,,,,,,,,,,,,,,,,,,,,,,,,,,,,,
1.5,1.32,0.04,-0.13,1.5,1.39,-3.97,-45.55,1.5,1.44,-0.9,-7.09,1.5,0.15,-2.11,584.96,1.5,0.12,19.58,732.62,1.5,1.5,22.32,-190.87,1.5,1.51,-0.02,0.6,1.5,0.53,-1.68,-0.77,1.5,0.81,-1.67,-0.48,1.5,0.12,9.55,445.24,,,,,,,,,,,,,,,,,,,,,,,,,,,,,,,,,,,,,,,
1.52,1.32,0,-0.37,1.52,1.11,-4.33,26.45,1.52,1.42,-0.96,-5.83,1.52,0.12,19.64,722.94,1.52,0.09,41.4,381.07,1.52,1.46,10.86,-376.8,1.52,1.51,0,0.91,1.52,0.5,-1.72,-0.4,1.52,0.78,-1.67,-0.42,1.52,0.11,25.39,242.64,,,,,,,,,,,,,,,,,,,,,,,,,,,,,,,,,,,,,,,
1.54,1.32,0.02,0.19,1.54,1.11,-2.36,68.71,1.54,1.4,-1.08,-6.86,1.54,0.09,45.35,180.83,1.54,2.62,41.99,-331,1.54,1.46,-0.36,-276.91,1.54,1.51,0.04,0.76,1.54,0.46,-1.72,-1.23,1.54,0.75,-1.68,-0.43,1.54,1.3,26.36,-228.48,,,,,,,,,,,,,,,,,,,,,,,,,,,,,,,,,,,,,,,
1.56,1.32,0.03,0.05,1.56,1.11,-0.04,55.75,1.56,1.38,-1.26,-7.37,1.56,2.63,36.79,-708.41,1.56,2.62,21.19,-590.79,1.56,1.46,-0.02,-87.69,1.56,1.51,0.05,-0.02,1.56,0.42,-1.67,80.62,1.56,0.71,-1.69,-0.51,1.56,1.99,11.65,-508.39,,,,,,,,,,,,,,,,,,,,,,,,,,,,,,,,,,,,,,,
1.58,1.32,0.03,-0.9,1.58,1.11,-0.01,20.2,1.58,1.35,-1.43,-5.19,1.58,3.09,2.44,-1008.07,1.58,2.63,0.06,-493.24,1.58,1.45,-0.03,3.64,1.58,1.51,0.03,-0.05,1.58,0.39,-1.88,250.33,1.58,0.68,-1.7,-0.63,1.58,1.41,-4.13,-362.13,,,,,,,,,,,,,,,,,,,,,,,,,,,,,,,,,,,,,,,
1.6,1.32,-0.01,-1.24,1.6,1.11,0.01,0.74,1.6,1.32,-1.5,-2.69,1.6,1.54,-22.46,-517.88,1.6,2.63,12.43,-591.28,1.6,1.45,0.01,1.34,1.6,1.51,0.02,1.28,1.6,0.36,8.11,344.46,1.6,0.65,-1.72,-0.67,1.6,1.4,-5.14,-67.58,,,,,,,,,,,,,,,,,,,,,,,,,,,,,,,,,,,,,,,
1.62,1.32,-0.05,-0.6,1.62,1.11,0.01,0.38,1.62,1.29,-1.46,-2.26,1.62,1.47,-16.37,56.45,1.62,2.62,-8.44,-894.88,1.62,1.45,0.05,0.78,1.62,1.51,0.07,,1.62,0.3,18.54,189.94,1.62,0.61,-1.73,-0.6,1.62,1.39,-0.32,74.65,,,,,,,,,,,,,,,,,,,,,,,,,,,,,,,,,,,,,,,
1.64,1.32,-0.03,0.34,1.64,1.11,0.03,-0.03,1.64,1.26,-1.55,-3.87,1.64,1.55,-6.55,236.77,1.64,4.12,-41.26,-583.9,1.64,1.46,0.07,-0.74,1.64,1.52,0.16,,1.64,1.49,19.25,-139.27,1.64,0.58,-1.74,-0.43,1.64,1.39,-0.27,45.38,,,,,,,,,,,,,,,,,,,,,,,,,,,,,,,,,,,,,,,
1.66,1.32,-0.02,0.66,1.66,1.11,0.02,-0.6,1.66,1.23,-1.65,-5.92,1.66,1.11,-6.7,159.71,1.66,0.13,-53.63,653.75,1.66,1.46,0.01,-1.4,1.66,1.52,,,1.66,1.49,9.78,-309.66,1.66,0.54,-1.75,-0.25,1.66,1.39,-0.03,6.03,,,,,,,,,,,,,,,,,,,,,,,,,,,,,,,,,,,,,,,
1.68,1.32,0,0.44,1.68,1.11,0,-0.75,1.68,1.2,-1.78,-7.16,1.68,1.11,-3.72,109.86,1.68,0.17,-12.44,1477.25,1.68,1.46,-0.04,-0.48,,,,,1.68,1.48,0.16,-236.08,1.68,0.51,-1.75,-0.11,1.68,1.38,0.02,3.92,,,,,,,,,,,,,,,,,,,,,,,,,,,,,,,,,,,,,,,
1.7,1.32,0,0.47,1.7,1.11,-0.03,0.1,1.7,1.16,-1.94,-7.59,1.7,1.11,-0.04,86.2,1.7,0.13,41.19,1067.15,1.7,1.45,-0.01,0.79,,,,,1.7,1.48,0.47,-83.02,1.7,0.47,-1.75,-0.04,1.7,1.4,0.11,0.01,,,,,,,,,,,,,,,,,,,,,,,,,,,,,,,,,,,,,,,
1.72,1.32,0.01,0.45,1.72,1.11,-0.01,1.07,1.72,1.12,-2.11,-5.86,1.72,1.11,-0.03,30.47,1.72,2.62,41.18,-65.99,1.72,1.46,0.03,0.52,,,,,1.72,1.52,0.23,-11.18,1.72,0.44,-1.75,-0.06,1.72,1.38,0.05,-1.22,,,,,,,,,,,,,,,,,,,,,,,,,,,,,,,,,,,,,,,
1.74,1.32,0.03,0.18,1.74,1.11,0.04,1.3,1.74,1.07,-2.23,-2.92,1.74,1.11,-0.05,-0.15,1.74,2.62,20.8,-686.19,1.74,1.46,0.03,-0.95,,,,,1.74,1.51,-0.25,-11.03,1.74,0.4,-1.75,-0.22,1.74,1.4,-0.06,-0.85,,,,,,,,,,,,,,,,,,,,,,,,,,,,,,,,,,,,,,,
1.76,1.32,0.02,-0.3,1.76,1.11,0.05,-1.65,1.76,1.03,-2.2,-1.28,1.76,1.11,-0.05,0.48,1.76,2.62,0.03,-516.67,1.76,1.46,-0.02,-1.89,,,,,1.76,1.48,-0.46,1.31,1.76,0.37,-1.76,-0.41,1.76,1.38,0.05,0.58,,,,,,,,,,,,,,,,,,,,,,,,,,,,,,,,,,,,,,,
1.78,1.32,0.01,-0.49,1.78,1.11,0.06,10.94,1.78,0.98,-2.21,-2.13,1.78,1.11,-0.03,1.31,1.78,2.62,0,-71.26,1.78,1.46,-0.07,-1.34,,,,,1.78,1.48,-0.17,12.29,1.78,0.33,-1.77,-0.46,1.78,1.39,0.01,-0.18,,,,,,,,,,,,,,,,,,,,,,,,,,,,,,,,,,,,,,,
1.8,1.32,0,-0.21,1.8,1.11,-0.23,44.14,1.8,0.95,-2.28,-3.75,1.8,1.11,0.01,1.49,1.8,2.62,-0.02,32.18,1.8,1.45,-0.09,0.15,,,,,1.8,1.49,0.3,11.06,1.8,0.3,-1.78,-0.22,1.8,1.4,0.05,-2,,,,,,,,,,,,,,,,,,,,,,,,,,,,,,,,,,,,,,,
1.82,1.32,0,-0.08,1.82,1.11,1.64,66.68,1.82,0.89,-2.4,-3.62,1.82,1.11,0.04,0.68,1.82,2.62,12.3,-415.05,1.82,1.45,-0.06,1.23,,,,,1.82,1.49,0.46,-0.28,1.82,0.26,-1.78,0.83,1.82,1.39,-0.08,-1.07,,,,,,,,,,,,,,,,,,,,,,,,,,,,,,,,,,,,,,,
1.84,1.32,0.01,-0.58,1.84,1.08,3.77,41.1,1.84,0.85,-2.46,-2.59,1.84,1.11,0.05,-0.73,1.84,2.62,-8.41,-895.23,1.84,1.45,-0.02,1.32,,,,,1.84,1.52,0.24,-10.43,1.84,0.22,-1.77,4.58,1.84,1.39,-0.09,1,,,,,,,,,,,,,,,,,,,,,,,,,,,,,,,,,,,,,,,
1.86,1.32,-0.01,-1.4,1.86,1.34,4.06,-24.87,1.86,0.8,-2.47,-2.11,1.86,1.11,0.01,-1.58,1.86,4.1,-41.42,-758.04,1.86,1.45,0,0.96,,,,,1.86,1.51,-0.14,-10.16,1.86,0.19,-1.68,10.36,1.86,1.39,0.03,2.59,,,,,,,,,,,,,,,,,,,,,,,,,,,,,,,,,,,,,,,
1.88,1.32,-0.07,-1.44,1.88,1.34,2.28,-63.05,1.88,0.75,-2.52,-2.5,1.88,1.11,-0.04,-1.24,1.88,0.14,-53.73,307.26,1.88,1.45,0.01,0.82,,,,,1.88,1.49,-0.35,-2.64,1.88,0.15,-1.34,128.24,1.88,1.39,0.06,1.64,,,,,,,,,,,,,,,,,,,,,,,,,,,,,,,,,,,,,,,
1.9,1.32,-0.1,-0.38,1.9,1.34,0.15,-51.32,1.9,0.7,-2.58,-2.9,1.9,1.11,-0.05,-0.09,1.9,0.14,-33.34,1307.75,1.9,1.45,0.03,0.84,,,,,1.9,1.49,-0.17,3.47,1.9,0.13,-0.98,342.1,1.9,1.39,0.08,4.11,,,,,,,,,,,,,,,,,,,,,,,,,,,,,,,,,,,,,,,
1.92,1.32,-0.08,0.72,1.92,1.35,0.12,-19.45,1.92,0.64,-2.64,-2.85,1.92,1.11,-0.03,0.67,1.92,0.14,20.39,1520.67,1.92,1.45,0.05,0.48,,,,,1.92,1.49,-0.05,3.62,1.92,0.12,12.91,426.31,1.92,1.39,0.06,-10.53,,,,,,,,,,,,,,,,,,,,,,,,,,,,,,,,,,,,,,,
1.94,1.32,-0.04,0.9,1.94,1.35,0.06,-1.62,1.94,0.59,-2.7,-2.67,1.94,1.11,-0.01,0.64,1.94,0.1,41.39,865.96,1.94,1.45,0.06,-0.24,,,,,1.94,1.49,-0.02,4.26,1.94,0.1,25.12,184.29,1.94,1.39,0.52,-51.97,,,,,,,,,,,,,,,,,,,,,,,,,,,,,,,,,,,,,,,
1.96,1.32,-0.03,0.57,1.96,1.35,0.03,-1.36,1.96,0.54,-2.75,-2.25,1.96,1.11,0,0.29,1.96,2.62,54.02,,1.96,1.46,0.04,-0.56,,,,,1.96,1.49,-0.06,8.2,1.96,1.73,23.72,-244.52,1.96,1.39,-1.65,-83.57,,,,,,,,,,,,,,,,,,,,,,,,,,,,,,,,,,,,,,,
1.98,1.31,-0.04,0.56,1.98,1.35,0.04,-1.4,1.98,0.48,-2.79,-1.63,1.98,1.11,0,0.08,1.98,2.62,36.95,,1.98,1.46,0.02,,,,,,1.98,1.49,0.35,7.66,1.98,1.54,10.33,-421.03,1.98,1.45,-4.45,-56.18,,,,,,,,,,,,,,,,,,,,,,,,,,,,,,,,,,,,,,,
2,1.31,-0.02,0.69,2,1.35,-0.02,-1.69,2,0.42,-2.82,-1.12,2,1.11,0,0.02,2,4.1,,,2,1.46,0.02,,,,,,2,1.48,0.56,-2.4,2,1.54,-1.64,-284.69,2,1.13,-5,26.17,,,,,,,,,,,,,,,,,,,,,,,,,,,,,,,,,,,,,,,
2.02,1.31,0.01,0.55,2.02,1.35,-0.05,-1.47,2.02,0.37,-2.83,-1.01,2.02,1.11,-9.73E-04,-0.03,,,,,2.02,1.46,,,,,,,2.02,1.54,0.28,-14.67,2.02,1.54,-0.04,-73.57,2.02,1.12,-2.87,77.87,,,,,,,,,,,,,,,,,,,,,,,,,,,,,,,,,,,,,,,
2.04,1.31,0.01,0.2,2.04,1.35,-0.08,-0.47,2.04,0.31,-2.85,-0.39,2.04,1.11,0,-0.19,,,,,,,,,,,,,2.04,1.51,-0.27,-14.02,2.04,1.54,-0.07,13.08,2.04,1.13,-0.09,65.74,,,,,,,,,,,,,,,,,,,,,,,,,,,,,,,,,,,,,,,
2.06,1.31,0.01,0.04,2.06,1.35,-0.08,0.43,2.06,0.25,-2.88,180.54,2.06,1.11,0,-0.44,,,,,,,,,,,,,2.06,1.5,-0.58,-3.83,2.06,1.53,-0.07,0.44,2.06,1.11,-0.01,26.4,,,,,,,,,,,,,,,,,,,,,,,,,,,,,,,,,,,,,,,
2.08,1.31,0.01,0.13,2.08,1.34,-0.05,1.07,2.08,0.2,-2.81,579.3,2.08,1.11,-0.02,-0.58,,,,,,,,,,,,,2.08,1.49,-0.27,6.92,2.08,1.53,-0.04,0.91,2.08,1.13,0.03,0.33,,,,,,,,,,,,,,,,,,,,,,,,,,,,,,,,,,,,,,,
2.1,1.31,0.01,0.4,2.1,1.34,-0.03,0.86,2.1,0.14,18.8,727.19,2.1,1.11,-0.04,-0.36,,,,,,,,,,,,,2.1,1.49,-0.19,14.97,2.1,1.53,-0.01,0.97,2.1,1.12,0.17,16.11,,,,,,,,,,,,,,,,,,,,,,,,,,,,,,,,,,,,,,,
2.12,1.31,0.02,0.75,2.12,1.34,0,0.06,2.12,0.09,44.99,190.53,2.12,1.1,-0.04,0.18,,,,,,,,,,,,,2.12,1.49,0.17,,2.12,1.53,-0.01,0.8,2.12,1.13,-0.24,34.36,,,,,,,,,,,,,,,,,,,,,,,,,,,,,,,,,,,,,,,
2.14,1.32,0.04,0.76,2.14,1.34,-0.02,-0.58,2.14,2.61,36.58,-705.58,2.14,1.1,-0.03,0.54,,,,,,,,,,,,,2.14,1.48,0.79,,2.14,1.53,0.02,0.36,2.14,1.13,2.19,40.13,,,,,,,,,,,,,,,,,,,,,,,,,,,,,,,,,,,,,,,
2.16,1.32,0.06,0.01,2.16,1.34,-0.05,-0.53,2.16,3.12,2.27,-988.23,2.16,1.1,-0.01,,,,,,,,,,,,,,2.16,1.52,,,2.16,1.53,0.02,-0.18,2.16,1.08,2.14,7.18,,,,,,,,,,,,,,,,,,,,,,,,,,,,,,,,,,,,,,,
2.18,1.32,0.05,-1.13,2.18,1.34,-0.05,0.17,2.18,1.5,-23.15,-440.96,2.18,1.1,0,,,,,,,,,,,,,,,,,,2.18,1.53,0,-0.32,2.18,1.43,2.61,-36.58,,,,,,,,,,,,,,,,,,,,,,,,,,,,,,,,,,,,,,,
2.2,1.32,0.01,-1.6,2.2,1.34,-0.04,0.5,2.2,1.48,-13.86,172.34,2.2,1.1,,,,,,,,,,,,,,,,,,,2.2,1.53,-0.01,0.14,2.2,1.09,0.2,-23.93,,,,,,,,,,,,,,,,,,,,,,,,,,,,,,,,,,,,,,,
2.22,1.32,-0.04,-0.99,2.22,1.34,-0.01,0.17,2.22,1.48,-0.2,308.56,,,,,,,,,,,,,,,,,,,,,2.22,1.53,0.01,0.11,2.22,1.44,-0.26,11.91,,,,,,,,,,,,,,,,,,,,,,,,,,,,,,,,,,,,,,,
2.24,1.32,-0.04,0.09,2.24,1.34,-0.03,-0.34,2.24,1.48,0,117.48,,,,,,,,,,,,,,,,,,,,,2.24,1.53,0.02,-0.7,2.24,1.09,2.14,38.36,,,,,,,,,,,,,,,,,,,,,,,,,,,,,,,,,,,,,,,
2.26,1.32,-0.02,0.63,2.26,1.34,-0.04,-0.11,2.26,1.48,0.01,1.85,,,,,,,,,,,,,,,,,,,,,2.26,1.53,-0.02,-1.13,2.26,1.39,2.1,4.1,,,,,,,,,,,,,,,,,,,,,,,,,,,,,,,,,,,,,,,
2.28,1.32,5.55E-15,0.44,2.28,1.34,-0.05,0.91,2.28,1.48,0.02,-0.14,,,,,,,,,,,,,,,,,,,,,2.28,1.53,-0.06,-0.39,2.28,1.39,2.44,-36.56,,,,,,,,,,,,,,,,,,,,,,,,,,,,,,,,,,,,,,,
2.3,1.32,0,0.03,2.3,1.34,0,1.52,2.3,1.48,9.22E-4,-0.29,,,,,,,,,,,,,,,,,,,,,2.3,1.53,-0.04,0.45,2.3,1.39,-0.07,-38.77,,,,,,,,,,,,,,,,,,,,,,,,,,,,,,,,,,,,,,,
2.32,1.32,0,-0.18,2.32,1.34,0.04,1.07,2.32,1.48,-0.01,0.12,,,,,,,,,,,,,,,,,,,,,2.32,1.53,-0.01,0.17,2.32,1.39,-0.08,-20.45,,,,,,,,,,,,,,,,,,,,,,,,,,,,,,,,,,,,,,,
2.34,1.32,-0.01,-0.12,2.34,1.34,0.05,-0.09,2.34,1.48,0,0.37,,,,,,,,,,,,,,,,,,,,,2.34,1.53,-0.02,,2.34,1.39,-0.04,0.58,,,,,,,,,,,,,,,,,,,,,,,,,,,,,,,,,,,,,,,
2.36,1.32,-0.01,0.07,2.36,1.34,0.03,-0.79,2.36,1.48,0.03,-0.06,,,,,,,,,,,,,,,,,,,,,2.36,1.53,-0.06,,2.36,1.39,-0.05,1.86,,,,,,,,,,,,,,,,,,,,,,,,,,,,,,,,,,,,,,,
2.38,1.32,-0.01,0.21,2.38,1.34,8.38E-4,-0.75,2.38,1.48,0.01,-0.72,,,,,,,,,,,,,,,,,,,,,2.38,1.53,,,2.38,1.39,-0.03,7.38,,,,,,,,,,,,,,,,,,,,,,,,,,,,,,,,,,,,,,,
2.4,1.32,0,0.2,2.4,1.34,0,-0.4,2.4,1.48,-0.02,-0.82,,,,,,,,,,,,,,,,,,,,,,,,,2.4,1.38,0.14,11.94,,,,,,,,,,,,,,,,,,,,,,,,,,,,,,,,,,,,,,,
2.42,1.32,0,0.07,2.42,1.34,-0.01,-0.11,2.42,1.48,-0.03,-0.24,,,,,,,,,,,,,,,,,,,,,,,,,2.42,1.39,0.66,6.18,,,,,,,,,,,,,,,,,,,,,,,,,,,,,,,,,,,,,,,
2.44,1.32,0,0.07,2.44,1.34,-0.01,0.28,2.44,1.48,-0.03,0.24,,,,,,,,,,,,,,,,,,,,,,,,,2.44,1.4,0.69,-8.41,,,,,,,,,,,,,,,,,,,,,,,,,,,,,,,,,,,,,,,
2.46,1.32,1.25E-4,-0.14,2.46,1.34,-0.01,-0.13,2.46,1.48,-0.01,0.31,,,,,,,,,,,,,,,,,,,,,,,,,2.46,1.44,0.16,-17.99,,,,,,,,,,,,,,,,,,,,,,,,,,,,,,,,,,,,,,,
2.48,1.32,0.01,3.14,2.48,1.34,0.03,11.85,2.48,1.48,-0.01,0.18,,,,,,,,,,,,,,,,,,,,,,,,,2.48,1.41,-0.37,-7.47,,,,,,,,,,,,,,,,,,,,,,,,,,,,,,,,,,,,,,,
2.5,1.32,-0.02,7.27,2.5,1.34,-0.06,39.93,2.5,1.48,-0.01,0.09,,,,,,,,,,,,,,,,,,,,,,,,,2.5,1.4,-0.44,-13.28,,,,,,,,,,,,,,,,,,,,,,,,,,,,,,,,,,,,,,,
2.52,1.32,0.4,4.66,2.52,1.34,1.47,45.83,2.52,1.48,-0.01,0.1,,,,,,,,,,,,,,,,,,,,,,,,,2.52,1.4,0.39,-29.63,,,,,,,,,,,,,,,,,,,,,,,,,,,,,,,,,,,,,,,
2.54,1.31,0.48,-6.2,2.54,1.33,3.35,-2.92,2.54,1.48,-0.01,0.07,,,,,,,,,,,,,,,,,,,,,,,,,2.54,1.4,-2.19,-39.57,,,,,,,,,,,,,,,,,,,,,,,,,,,,,,,,,,,,,,,
2.56,1.37,0.07,-15.48,2.56,1.53,2.12,-75.24,2.56,1.48,0,0.13,,,,,,,,,,,,,,,,,,,,,,,,,2.56,1.46,-2.16,-11.85,,,,,,,,,,,,,,,,,,,,,,,,,,,,,,,,,,,,,,,
2.58,1.32,-0.43,-10.03,2.58,1.56,-1.06,-88.2,2.58,1.47,-0.01,1.72,,,,,,,,,,,,,,,,,,,,,,,,,2.58,1.08,-2.63,51.44,,,,,,,,,,,,,,,,,,,,,,,,,,,,,,,,,,,,,,,
2.6,1.31,-0.54,1.56,2.6,1.37,-3.15,-28.16,2.6,1.47,0.01,3.89,,,,,,,,,,,,,,,,,,,,,,,,,2.6,1.46,-0.6,58.25,,,,,,,,,,,,,,,,,,,,,,,,,,,,,,,,,,,,,,,
2.62,1.31,-0.11,,2.62,1.36,-1.97,30.41,2.62,1.47,0.19,3.12,,,,,,,,,,,,,,,,,,,,,,,,,2.62,1.08,2.41,27.9,,,,,,,,,,,,,,,,,,,,,,,,,,,,,,,,,,,,,,,
2.64,1.31,-0.06,,2.64,1.35,-0.36,40.19,2.64,1.48,0.27,-1.91,,,,,,,,,,,,,,,,,,,,,,,,,2.64,1.39,-0.21,-34.12,,,,,,,,,,,,,,,,,,,,,,,,,,,,,,,,,,,,,,,
2.66,1.31,,,2.66,1.34,-0.21,18.45,2.66,1.5,0.11,-6.87,,,,,,,,,,,,,,,,,,,,,,,,,2.66,1.44,0.34,-44.43,,,,,,,,,,,,,,,,,,,,,,,,,,,,,,,,,,,,,,,
,,,,2.68,1.34,-0.08,4.67,2.68,1.49,-0.14,-5.05,,,,,,,,,,,,,,,,,,,,,,,,,2.68,1.07,-2.62,15.14,,,,,,,,,,,,,,,,,,,,,,,,,,,,,,,,,,,,,,,
,,,,2.7,1.34,-0.02,1.93,2.7,1.48,-0.23,0.81,,,,,,,,,,,,,,,,,,,,,,,,,2.7,1.44,-0.51,41.67,,,,,,,,,,,,,,,,,,,,,,,,,,,,,,,,,,,,,,,
,,,,2.72,1.34,0.02,9.55,2.72,1.48,0,3.88,,,,,,,,,,,,,,,,,,,,,,,,,2.72,1.08,2.46,13.93,,,,,,,,,,,,,,,,,,,,,,,,,,,,,,,,,,,,,,,
,,,,2.74,1.34,-0.08,33.58,2.74,1.48,0.07,2.19,,,,,,,,,,,,,,,,,,,,,,,,,2.74,1.38,0.26,-69.3,,,,,,,,,,,,,,,,,,,,,,,,,,,,,,,,,,,,,,,
,,,,2.76,1.34,1.12,40.02,2.76,1.49,0.03,-0.56,,,,,,,,,,,,,,,,,,,,,,,,,2.76,1.43,-1.72,-82.4,,,,,,,,,,,,,,,,,,,,,,,,,,,,,,,,,,,,,,,
,,,,2.78,1.33,2.91,-2.37,2.78,1.48,5.50E-4,-0.75,,,,,,,,,,,,,,,,,,,,,,,,,2.78,1.12,-4.65,-9.2,,,,,,,,,,,,,,,,,,,,,,,,,,,,,,,,,,,,,,,
,,,,2.8,1.49,1.83,-67.13,2.8,1.48,0,-0.48,,,,,,,,,,,,,,,,,,,,,,,,,2.8,1.13,-2.52,51.99,,,,,,,,,,,,,,,,,,,,,,,,,,,,,,,,,,,,,,,
,,,,2.82,1.54,-1.08,-78.93,2.82,1.48,0.01,-0.6,,,,,,,,,,,,,,,,,,,,,,,,,2.82,1.12,-0.05,59.11,,,,,,,,,,,,,,,,,,,,,,,,,,,,,,,,,,,,,,,
,,,,2.84,1.35,-2.95,-21.82,2.84,1.48,-0.04,-0.44,,,,,,,,,,,,,,,,,,,,,,,,,2.84,1.13,-0.09,20.97,,,,,,,,,,,,,,,,,,,,,,,,,,,,,,,,,,,,,,,
,,,,2.86,1.34,-1.78,32.98,2.86,1.48,-0.04,0.22,,,,,,,,,,,,,,,,,,,,,,,,,2.86,1.12,0.01,0.16,,,,,,,,,,,,,,,,,,,,,,,,,,,,,,,,,,,,,,,
,,,,2.88,1.34,-0.08,40.14,2.88,1.48,-0.01,0.78,,,,,,,,,,,,,,,,,,,,,,,,,2.88,1.12,-0.06,-0.85,,,,,,,,,,,,,,,,,,,,,,,,,,,,,,,,,,,,,,,
,,,,2.9,1.34,0.01,16.87,2.9,1.48,0.01,0.55,,,,,,,,,,,,,,,,,,,,,,,,,2.9,1.12,-0.05,-1.16,,,,,,,,,,,,,,,,,,,,,,,,,,,,,,,,,,,,,,,
,,,,2.92,1.34,0.08,1.51,2.92,1.48,0.01,0.18,,,,,,,,,,,,,,,,,,,,,,,,,2.92,1.11,-0.12,0.46,,,,,,,,,,,,,,,,,,,,,,,,,,,,,,,,,,,,,,,
,,,,2.94,1.34,0.08,-1.05,2.94,1.48,0.01,0.03,,,,,,,,,,,,,,,,,,,,,,,,,2.94,1.12,-0.07,1.21,,,,,,,,,,,,,,,,,,,,,,,,,,,,,,,,,,,,,,,
,,,,2.96,1.34,0.02,-2.69,2.96,1.48,0.01,-0.02,,,,,,,,,,,,,,,,,,,,,,,,,2.96,1.11,0.01,1.28,,,,,,,,,,,,,,,,,,,,,,,,,,,,,,,,,,,,,,,
,,,,2.98,1.34,-0.07,-2.36,2.98,1.48,0.01,-0.06,,,,,,,,,,,,,,,,,,,,,,,,,2.98,1.12,-0.04,0.02,,,,,,,,,,,,,,,,,,,,,,,,,,,,,,,,,,,,,,,
,,,,3,1.34,-0.1,-0.51,3,1.48,0.01,-0.09,,,,,,,,,,,,,,,,,,,,,,,,,3,1.12,9.73E-4,-0.63,,,,,,,,,,,,,,,,,,,,,,,,,,,,,,,,,,,,,,,
,,,,3.02,1.34,-0.08,1.29,3.02,1.48,0.01,0.03,,,,,,,,,,,,,,,,,,,,,,,,,3.02,1.11,-0.06,-0.57,,,,,,,,,,,,,,,,,,,,,,,,,,,,,,,,,,,,,,,
,,,,3.04,1.34,-0.02,-3.17,3.04,1.48,0,0.32,,,,,,,,,,,,,,,,,,,,,,,,,3.04,1.12,-0.05,-0.13,,,,,,,,,,,,,,,,,,,,,,,,,,,,,,,,,,,,,,,
,,,,3.06,1.34,0.01,30.22,3.06,1.48,0.02,0.48,,,,,,,,,,,,,,,,,,,,,,,,,3.06,1.11,-0.06,1.45,,,,,,,,,,,,,,,,,,,,,,,,,,,,,,,,,,,,,,,
,,,,3.08,1.34,-0.57,77.66,3.08,1.48,0.04,0.22,,,,,,,,,,,,,,,,,,,,,,,,,3.08,1.11,-0.02,1.83,,,,,,,,,,,,,,,,,,,,,,,,,,,,,,,,,,,,,,,
,,,,3.1,1.34,4.1,76.14,3.1,1.48,0.03,-0.56,,,,,,,,,,,,,,,,,,,,,,,,,3.1,1.11,0.09,1.02,,,,,,,,,,,,,,,,,,,,,,,,,,,,,,,,,,,,,,,
,,,,3.12,1.27,5.21,,3.12,1.48,0.02,4.53,,,,,,,,,,,,,,,,,,,,,,,,,3.12,1.11,0.03,-1.09,,,,,,,,,,,,,,,,,,,,,,,,,,,,,,,,,,,,,,,
,,,,3.14,1.9,3.37,,3.14,1.48,-0.03,-14.18,,,,,,,,,,,,,,,,,,,,,,,,,3.14,1.12,0.02,-2.27,,,,,,,,,,,,,,,,,,,,,,,,,,,,,,,,,,,,,,,
,,,,3.16,1.4,,,3.16,1.48,0.64,-72.25,,,,,,,,,,,,,,,,,,,,,,,,,3.16,1.11,-0.08,-1.65,,,,,,,,,,,,,,,,,,,,,,,,,,,,,,,,,,,,,,,
,,,,,,,,3.18,1.48,-2.29,-87.16,,,,,,,,,,,,,,,,,,,,,,,,,3.18,1.12,-0.07,-0.88,,,,,,,,,,,,,,,,,,,,,,,,,,,,,,,,,,,,,,,
,,,,,,,,3.2,1.56,-6.39,-19.47,,,,,,,,,,,,,,,,,,,,,,,,,3.2,1.1,-0.07,0.15,,,,,,,,,,,,,,,,,,,,,,,,,,,,,,,,,,,,,,,
,,,,,,,,3.22,1.13,-3.46,97.89,,,,,,,,,,,,,,,,,,,,,,,,,3.22,1.11,-0.09,0.47,,,,,,,,,,,,,,,,,,,,,,,,,,,,,,,,,,,,,,,
,,,,,,,,3.24,1.07,-0.53,115.56,,,,,,,,,,,,,,,,,,,,,,,,,3.24,1.11,-0.04,1.13,,,,,,,,,,,,,,,,,,,,,,,,,,,,,,,,,,,,,,,
,,,,,,,,3.26,1.56,3.6,47.46,,,,,,,,,,,,,,,,,,,,,,,,,3.26,1.11,-0.05,2.09,,,,,,,,,,,,,,,,,,,,,,,,,,,,,,,,,,,,,,,
,,,,,,,,3.28,1.07,0.42,,,,,,,,,,,,,,,,,,,,,,,,,,3.28,1.11,0.02,3.21,,,,,,,,,,,,,,,,,,,,,,,,,,,,,,,,,,,,,,,
,,,,,,,,3.3,1.56,1.28,,,,,,,,,,,,,,,,,,,,,,,,,,3.3,1.1,0.1,4.78,,,,,,,,,,,,,,,,,,,,,,,,,,,,,,,,,,,,,,,
,,,,,,,,3.32,1.12,,,,,,,,,,,,,,,,,,,,,,,,,,,3.32,1.11,0.2,7.36,,,,,,,,,,,,,,,,,,,,,,,,,,,,,,,,,,,,,,,
,,,,,,,,,,,,,,,,,,,,,,,,,,,,,,,,,,,,3.34,1.11,0.34,-0.23,,,,,,,,,,,,,,,,,,,,,,,,,,,,,,,,,,,,,,,
,,,,,,,,,,,,,,,,,,,,,,,,,,,,,,,,,,,,3.36,1.12,0.65,30.61,,,,,,,,,,,,,,,,,,,,,,,,,,,,,,,,,,,,,,,
,,,,,,,,,,,,,,,,,,,,,,,,,,,,,,,,,,,,3.38,1.13,-0.39,133.29,,,,,,,,,,,,,,,,,,,,,,,,,,,,,,,,,,,,,,,
,,,,,,,,,,,,,,,,,,,,,,,,,,,,,,,,,,,,3.4,1.17,4.6,153.18,,,,,,,,,,,,,,,,,,,,,,,,,,,,,,,,,,,,,,,
,,,,,,,,,,,,,,,,,,,,,,,,,,,,,,,,,,,,3.42,1.02,12.39,27.44,,,,,,,,,,,,,,,,,,,,,,,,,,,,,,,,,,,,,,,
,,,,,,,,,,,,,,,,,,,,,,,,,,,,,,,,,,,,3.44,1.78,6.26,-193.72,,,,,,,,,,,,,,,,,,,,,,,,,,,,,,,,,,,,,,,
,,,,,,,,,,,,,,,,,,,,,,,,,,,,,,,,,,,,3.46,2,1.25,-220.06,,,,,,,,,,,,,,,,,,,,,,,,,,,,,,,,,,,,,,,
,,,,,,,,,,,,,,,,,,,,,,,,,,,,,,,,,,,,3.48,0.93,-7.5,-66.07,,,,,,,,,,,,,,,,,,,,,,,,,,,,,,,,,,,,,,,
,,,,,,,,,,,,,,,,,,,,,,,,,,,,,,,,,,,,3.5,2.02,-0.26,-10.44,,,,,,,,,,,,,,,,,,,,,,,,,,,,,,,,,,,,,,,
,,,,,,,,,,,,,,,,,,,,,,,,,,,,,,,,,,,,3.52,0.87,-0.17,-50.29,,,,,,,,,,,,,,,,,,,,,,,,,,,,,,,,,,,,,,,
,,,,,,,,,,,,,,,,,,,,,,,,,,,,,,,,,,,,3.54,2.04,-7.34,-59.84,,,,,,,,,,,,,,,,,,,,,,,,,,,,,,,,,,,,,,,
,,,,,,,,,,,,,,,,,,,,,,,,,,,,,,,,,,,,3.56,0.89,-6.45,173.76,,,,,,,,,,,,,,,,,,,,,,,,,,,,,,,,,,,,,,,
,,,,,,,,,,,,,,,,,,,,,,,,,,,,,,,,,,,,3.58,1.11,-1.15,295.89,,,,,,,,,,,,,,,,,,,,,,,,,,,,,,,,,,,,,,,
,,,,,,,,,,,,,,,,,,,,,,,,,,,,,,,,,,,,3.6,1.02,14.49,124.73,,,,,,,,,,,,,,,,,,,,,,,,,,,,,,,,,,,,,,,
,,,,,,,,,,,,,,,,,,,,,,,,,,,,,,,,,,,,3.62,1.78,7.22,-109.19,,,,,,,,,,,,,,,,,,,,,,,,,,,,,,,,,,,,,,,
,,,,,,,,,,,,,,,,,,,,,,,,,,,,,,,,,,,,3.64,1.97,0.15,-180.62,,,,,,,,,,,,,,,,,,,,,,,,,,,,,,,,,,,,,,,
,,,,,,,,,,,,,,,,,,,,,,,,,,,,,,,,,,,,3.66,1.03,0.1,-62.56,,,,,,,,,,,,,,,,,,,,,,,,,,,,,,,,,,,,,,,
,,,,,,,,,,,,,,,,,,,,,,,,,,,,,,,,,,,,3.68,1.79,-0.06,-2.5,,,,,,,,,,,,,,,,,,,,,,,,,,,,,,,,,,,,,,,
,,,,,,,,,,,,,,,,,,,,,,,,,,,,,,,,,,,,3.7,1.97,-0.08,7.23,,,,,,,,,,,,,,,,,,,,,,,,,,,,,,,,,,,,,,,
,,,,,,,,,,,,,,,,,,,,,,,,,,,,,,,,,,,,3.72,1.02,0.03,-29.9,,,,,,,,,,,,,,,,,,,,,,,,,,,,,,,,,,,,,,,
,,,,,,,,,,,,,,,,,,,,,,,,,,,,,,,,,,,,3.74,1.79,0.88,-142.94,,,,,,,,,,,,,,,,,,,,,,,,,,,,,,,,,,,,,,,
,,,,,,,,,,,,,,,,,,,,,,,,,,,,,,,,,,,,3.76,1.97,-4.61,-171.48,,,,,,,,,,,,,,,,,,,,,,,,,,,,,,,,,,,,,,,
,,,,,,,,,,,,,,,,,,,,,,,,,,,,,,,,,,,,3.78,1.12,-12.6,-27.86,,,,,,,,,,,,,,,,,,,,,,,,,,,,,,,,,,,,,,,
,,,,,,,,,,,,,,,,,,,,,,,,,,,,,,,,,,,,3.8,1.13,-7.07,143.51,,,,,,,,,,,,,,,,,,,,,,,,,,,,,,,,,,,,,,,
,,,,,,,,,,,,,,,,,,,,,,,,,,,,,,,,,,,,3.82,1.12,0,164.76,,,,,,,,,,,,,,,,,,,,,,,,,,,,,,,,,,,,,,,
,,,,,,,,,,,,,,,,,,,,,,,,,,,,,,,,,,,,3.84,1.13,0.01,59.69,,,,,,,,,,,,,,,,,,,,,,,,,,,,,,,,,,,,,,,
,,,,,,,,,,,,,,,,,,,,,,,,,,,,,,,,,,,,3.86,1.12,0.09,-1.46,,,,,,,,,,,,,,,,,,,,,,,,,,,,,,,,,,,,,,,
,,,,,,,,,,,,,,,,,,,,,,,,,,,,,,,,,,,,3.88,1.13,0,,,,,,,,,,,,,,,,,,,,,,,,,,,,,,,,,,,,,,,,
,,,,,,,,,,,,,,,,,,,,,,,,,,,,,,,,,,,,3.9,1.13,-0.17,,,,,,,,,,,,,,,,,,,,,,,,,,,,,,,,,,,,,,,,
,,,,,,,,,,,,,,,,,,,,,,,,,,,,,,,,,,,,3.92,1.12,,,,,,,,,,,,,,,,,,,,,,,,,,,,,,,,,,,,,,,,,
